institution_id,name
Guangdong University of Technology,Guangdong University of Technology
RIKEN,RIKEN
Chinese Academy of Sciences,Chinese Academy of Sciences
LingNan Normal University,LingNan Normal University
University of Oslo,University of Oslo
Hasselt University,Hasselt University
Aalto University,Aalto University
Astronautics,Astronautics
Guangdong University,Guangdong University
Nanjing University of Aeronautics &,Nanjing University of Aeronautics &
Nanyang Technological University,Nanyang Technological University
of Technology,of Technology
University of Texas Arlington,University of Texas Arlington
University of Texas System,University of Texas System
University of Otago,University of Otago
King's College,King's College
London,London
University of London,University of London
University of Sydney,University of Sydney
Xiamen University,Xiamen University
University of Exeter,University of Exeter
Deakin University,Deakin University
Griffith University,Griffith University
Hefei University of Technology,Hefei University of Technology
University of Arizona,University of Arizona
Xidian University,Xidian University
Sun Yat Sen University,Sun Yat Sen University
Guangdong University of Finance,Guangdong University of Finance
Middlesex University,Middlesex University
Wuhan University,Wuhan University
University of Naples Federico II,University of Naples Federico II
Guangzhou Huali College,Guangzhou Huali College
Suranaree University of Technology,Suranaree University of Technology
Zhongguancun Laboratory,Zhongguancun Laboratory
Norwegian University of Science &,Norwegian University of Science &
Technology (NTNU),Technology (NTNU)
Fudan University,Fudan University
Shantou University,Shantou University
Peking University,Peking University
Guangzhou Academy of Fine Arts,Guangzhou Academy of Fine Arts
Huizhou University,Huizhou University
Shandong University of Science &,Shandong University of Science &
Hong Kong Polytechnic University,Hong Kong Polytechnic University
University of Auckland,University of Auckland
University of Macau,University of Macau
Zhaoqing University,Zhaoqing University
Ji Hua Laboratory,Ji Hua Laboratory
Harbin Institute of Technology,Harbin Institute of Technology
Guangzhou Medical University,Guangzhou Medical University
Southern Medical University - China,Southern Medical University - China
Macau University of Science & Technology,Macau University of Science & Technology
Shimane University,Shimane University
University of Liverpool,University of Liverpool
University of Tokyo,University of Tokyo
Beijing University of Technology,Beijing University of Technology
Hamburg University of Technology,Hamburg University of Technology
Guangdong Polytechnic Normal University,Guangdong Polytechnic Normal University
National University of Singapore,National University of Singapore
Nanning University,Nanning University
Ningbo University,Ningbo University
Harbin Engineering University,Harbin Engineering University
University of Hong Kong,University of Hong Kong
Engineering,Engineering
Zhongkai University of Agriculture &,Zhongkai University of Agriculture &
Guangdong Polytechnic Normal,Guangdong Polytechnic Normal
University,University
Shenzhen University of Information Technology,Shenzhen University of Information Technology
Peng Cheng Laboratory,Peng Cheng Laboratory
South China University of Technology,South China University of Technology
New Jersey Institute of Technology,New Jersey Institute of Technology
Guangxi University,Guangxi University
"University of Chinese Academy of Sciences, CAS","University of Chinese Academy of Sciences, CAS"
Huazhong University of Science &,Huazhong University of Science &
Beijing University of Posts & Telecommunications,Beijing University of Posts & Telecommunications
Zhuhai City Polytechnic,Zhuhai City Polytechnic
Nanjing University of Science & Technology,Nanjing University of Science & Technology
Polytechnic University of Milan,Polytechnic University of Milan
Huazhong University of Science & Technology,Huazhong University of Science & Technology
Zhongkai University of Agriculture & Engineering,Zhongkai University of Agriculture & Engineering
King Abdulaziz City for Science &,King Abdulaziz City for Science &
Tongji University,Tongji University
Michigan State University,Michigan State University
Huangshan University,Huangshan University
Guangzhou University of Chinese,Guangzhou University of Chinese
Medicine,Medicine
Hong Kong Baptist University,Hong Kong Baptist University
Sichuan University,Sichuan University
University of Hull,University of Hull
Shaoguan University,Shaoguan University
Bohai University,Bohai University
Dalhousie University,Dalhousie University
South China University of,South China University of
Beijing Jiaotong University,Beijing Jiaotong University
University of Technology Sydney,University of Technology Sydney
Foshan University,Foshan University
Shenzhen University,Shenzhen University
University of Sussex,University of Sussex
Guangzhou University,Guangzhou University
South China Normal University,South China Normal University
Leibniz University Hannover,Leibniz University Hannover
Huawei Technologies,Huawei Technologies
Huaqiao University,Huaqiao University
Swinburne University of Technology,Swinburne University of Technology
Northwestern Polytechnical University,Northwestern Polytechnical University
Hong Kong Metropolitan University,Hong Kong Metropolitan University
Fuzhou University,Fuzhou University
Compiegne,Compiegne
Universite de Technologie de,Universite de Technologie de
Yibin University,Yibin University
Yulin Normal University,Yulin Normal University
Jinan University,Jinan University
Chinese University of Hong Kong,Chinese University of Hong Kong
State Grid Corporation of China,State Grid Corporation of China
South China,South China
Chongqing University,Chongqing University
Loughborough University,Loughborough University
China Southern Power Grid,China Southern Power Grid
Nanyang,Nanyang
Sungkyunkwan University (SKKU),Sungkyunkwan University (SKKU)
Technological University,Technological University
